input_id,row_status
german_000_clean,matched
german_000_snr0,matched
german_000_snr10,matched
german_001_clean,matched
german_001_snr0,matched
german_001_snr10,matched
german_002_clean,matched
german_002_snr0,matched
german_002_snr10,matched
german_003_clean,matched
german_003_snr0,matched
german_003_snr10,matched
german_004_clean,matched
german_004_snr0,matched
german_004_snr10,matched
german_005_clean,matched
german_005_snr0,matched
german_005_snr10,matched
german_006_clean,matched
german_006_snr0,matched
german_006_snr10,matched
german_007_clean,matched
german_007_snr0,matched
german_007_snr10,matched
german_008_clean,matched
german_008_snr0,matched
german_008_snr10,matched
german_009_clean,matched
german_009_snr0,matched
german_009_snr10,matched
india_000_clean,matched
india_000_snr0,matched
india_000_snr10,matched
india_001_clean,matched
india_001_snr0,matched
india_001_snr10,matched
india_002_clean,matched
india_002_snr0,matched
india_002_snr10,matched
india_003_clean,matched
india_003_snr0,matched
india_003_snr10,matched
india_004_clean,matched
india_004_snr0,matched
india_004_snr10,matched
india_005_clean,matched
india_005_snr0,matched
india_005_snr10,matched
india_006_clean,matched
india_006_snr0,matched
india_006_snr10,matched
india_007_clean,matched
india_007_snr0,matched
india_007_snr10,matched
india_008_clean,matched
india_008_snr0,matched
india_008_snr10,matched
india_009_clean,matched
india_009_snr0,matched
india_009_snr10,matched
us_000_clean,matched
us_000_snr0,matched
us_000_snr10,matched
us_001_clean,matched
us_001_snr0,matched
us_001_snr10,matched
us_002_clean,matched
us_002_snr0,matched
us_002_snr10,matched
us_003_clean,matched
us_003_snr0,matched
us_003_snr10,matched
us_004_clean,matched
us_004_snr0,matched
us_004_snr10,matched
us_005_clean,matched
us_005_snr0,matched
us_005_snr10,matched
us_006_clean,matched
us_006_snr0,matched
us_006_snr10,matched
us_007_clean,matched
us_007_snr0,matched
us_007_snr10,matched
us_008_clean,matched
us_008_snr0,matched
us_008_snr10,matched
us_009_clean,matched
us_009_snr0,matched
us_009_snr10,matched
